mode,case_id,category,question,answer,elapsed_s,blank,error
rag,g1,grounded,What is calculus?,"Calculus (or differential/integral calculus) is a branch of mathematics that deals with rates of change and accumulation; it involves finding areas under curves, volumes enclosed by surfaces, or derivatives at specific points. It also covers methods for solving problems involving these concepts through differentiation and integration.",41.32,False,
rag,g2,grounded,What is a differential?,"A total differential represents the real change in $y$ when both variables are varying simultaneously, whereas partial differentials represent changes occurring only with respect to one independent variable at a time.",34.86,False,
rag,g3,grounded,Explain integration in simple terms.,"Integration is simply adding up all the little bits (or parts) that make up a whole number, such as hours or seconds into one total duration. Just like you can add 3600 small seconds to get an hour, integrating sums many tiny pieces together to create a larger value.",34.08,False,
rag,g4,grounded,Give a small worked example of differentiation.,"Case 1 is an elementary example where we differentiate $y=x^2$. We start with the expression and apply the rule that if both variables grow by amounts proportional to their derivatives, then $(x+dx)^2 = x^2 + 2xdx + (dx)^2$, which implies $\frac{dy}{dx} = \frac{d(x^2)}{dx}$.",25.52,False,
rag,f1,follow_up,Show me an example of that.,"Based on Passage 2, a specific example is given where Mr. Millionaire receives £1000 and his secretary (representing ""a small quantity"") only receives two shillings ($£\frac{1}{5}$). This illustrates how even fractions of higher degrees of smallness can be considered negligible compared to the original amount if they are treated as infinitesimally small.",66.99,False,
rag,f2,follow_up,Can you explain it more simply?,"Yes, I can help with that! Based on **Passage 3**, here is a simpler explanation of rates and differentiation:

**1. What is ""Rate""?**
A rate describes how fast something happens over time or distance. It compares the amount moved (distance) to the amount taken up in time. For example, if a car travels 60 yards every second, its speed is **60 yards per minute**. The key idea is that two different rates are ""the same"" only when they represent the exact same proportion of movement over the specific duration involved.

**2. How to find it using Differential Notation (Passage 3):**
To calculate a rate for a function $y = f(x)$, you treat time ($t$) as an independent variable and differentiate with respect to distance traveled by looking at how much change in position happens per unit of movement:

$$ \frac{dy}{dx} $$

*   **Example:** If the car travels 60 yards every second (which is $24/3 = 8$ miles per hour), then $\frac{dy}{dt}$ would be 1 mile per minute.
    *   Distance passed: 60 yards/sec ($\approx 90$ ft/min)
    *   Time taken: 1 sec
    *   Rate: $90 / 1 = 90$ feet/minute

**3. How to find it using Differential Notation (Passage 2):**
The passage also explains that ""integral"" is just the sum of all tiny bits ($dx$) added up, which represents a whole quantity like time or distance. To get the rate from an expression with many small parts:
*   **Identify $dy/dx$:** This tells you how much change in your variable happens for every single ""little bit"" (unit).

So, to find $\frac{dy}{dx}$ of a function defined as $y = f(x)$, simply take the derivative with respect to distance ($x$) and multiply by 1.",79.54,False,
rag,f3,follow_up,How is it reversed?,"Differentiation can be performed by reversing the process of integration (finding an antiderivative), but this operation cannot always be done analytically without knowing a specific function to integrate from scratch; rather, differentiation often requires finding an inverse relationship between two functions. For instance, in calculus problems involving curves like $y = 2x^2 + 2$, the slope of the tangent is found by differentiating that equation with respect to $x$ (finding $\frac{dy}{dx}$), and then integrating that result back up to find a function whose derivative matches the original.",39.74,False,
rag,f4,follow_up,Give another example.,"Example 1 from Passage 2 involves finding an indefinite integral for $Z \sin w dw$. Using integration by parts with $u = \cos w$ (so that $du = -\sin w dw$) and $v = w$, the result is:
$$ Z \sin w dw = -w \cos w + C $$",33.57,False,
rag,ua1,unsupported_academic,What causes a solar eclipse?,"Based on the provided text, there is no information regarding what causes a solar eclipse or any other celestial event in the context of calculus and physical processes described (such as cooling bodies). The document focuses exclusively on mathematical derivations for calculating areas, ordinates, logarithms, and exponential decay.",28.32,False,
rag,ua2,unsupported_academic,Explain photosynthesis.,"Based on the provided text, there is no explanation for **photosynthesis** (the process by which plants convert light energy into chemical energy). The document contains examples of physical processes like cooling and radioactive decay but does not mention biological mechanisms such as photosynthesis or explain how they work.",30.07,False,
rag,ua3,unsupported_academic,Who wrote Things Fall Apart?,"Nothing in the provided context mentions ""Things Fall Apart."" The document is a Project Gutenberg eBook titled *Calculus Made Easy* by Silvanus Thompson and does not contain information about this work or its author.",4.41,False,
rag,ua4,unsupported_academic,What is the capital of Japan?,"The provided text contains mathematical examples involving integration and areas (specifically in polar coordinates) but does not contain information about the capital of Japan or any historical context regarding Japanese currency history. Therefore, based strictly on the given passages, I cannot answer this question.",5.01,False,
rag,na1,non_academic,How do I bake bread?,"Based on Passage 1, you may practice doing practically anything in the United States with eBooks not protected by U.S. copyright law, and specifically read this document before distributing or using it to understand how such works are structured (e.g., ""The Full Project Gutenberg License""). However, there is no information regarding baking bread in that passage.",34.22,False,
rag,na2,non_academic,Write a short birthday greeting.,"Happy Birthday! This document is about Project Gutenberg-tm, which provides free access to electronic works for generations of readers worldwide. It emphasizes that volunteers and donations are essential to maintaining its mission of distributing these valuable resources responsibly.",4.57,False,
rag,na3,non_academic,What should I pack for a picnic?,"Based on Passage 3 (which appears to be an excerpt from a math problem or calculus exercise rather than a standard guide), there is no information regarding what items are suitable for packing for a picnic in this text. The passage discusses money, time ($t$), and mathematical expressions involving logarithms of $x$, but does not contain dietary advice or travel tips.",24.82,False,
rag,na4,non_academic,Tell me a clean joke.,"I have been taught that ""a little bit"" is just as important to calculate an integral as it is to add up all those bits together. I am now teaching you how to do exactly what my own father told me was impossible for the rest of us: simply state clearly, in common-sense terms, why a variable $x$ represents that ""little bit.""",28.54,False,
